N0,N1
N0,N2
N1,N3
N2,N3
N3,N4
N3,N5
N4,N6
N5,N6
N6,N7
N6,N8
N7,N9
N8,N9
N9,N10
N9,N11
N10,N12
N11,N12
N12,N13
N12,N14
N13,N15
N14,N15
N15,N16
N15,N17
N16,N18
N17,N18
N18,N19
N18,N20
N19,N21
N20,N21
N21,N22
N21,N23
N22,N24
N23,N24
N24,N25
N24,N26
N25,N27
N26,N27
N27,N28
N27,N29
N28,N30
N29,N30
N30,N31
N30,N32
N31,N33
N32,N33
N33,N34
N33,N35
N34,N36
N35,N36
N36,N37
N36,N38
N37,N39
N38,N39
N39,N40
N39,N41
N40,N42
N41,N42
N42,N43
N42,N44
N43,N45
N44,N45
N45,N46
N45,N47
N46,N48
N47,N48
N48,N49
N48,N50
N49,N51
N50,N51
N51,N52
N51,N53
N52,N54
N53,N54
N54,N55
N54,N56
N55,N57
N56,N57
N57,N58
N57,N59
N58,N60
N59,N60
N60,N61
N60,N62
N61,N63
N62,N63
N63,N64
N63,N65
N64,N66
N65,N66
N66,N67
N66,N68
N67,N69
N68,N69
N69,N70
N69,N71
N70,N72
N71,N72
N72,N73
N72,N74
N73,N75
N74,N75
N75,N76
N75,N77
N76,N78
N77,N78
N78,N79
N78,N80
N79,N81
N80,N81
N81,N82
N81,N83
N82,N84
N83,N84
N84,N85
N84,N86
N85,N87
N86,N87
N87,N88
N87,N89
N88,N90
N89,N90
N90,N91
N90,N92
N91,N93
N92,N93
N93,N94
N93,N95
N94,N96
N95,N96
N96,N97
N96,N98
N97,N99
N98,N99
N99,N100
N99,N101
N100,N102
N101,N102
N102,N103
N102,N104
N103,N105
N104,N105
N105,N106
N105,N107
N106,N108
N107,N108
N108,N109
N108,N110
N109,N111
N110,N111
N111,N112
N111,N113
N112,N114
N113,N114
N114,N115
N114,N116
N115,N117
N116,N117
N117,N118
N117,N119
N118,N120
N119,N120
N120,N121
N120,N122
N121,N123
N122,N123
N123,N124
N123,N125
N124,N126
N125,N126
N126,N127
N126,N128
N127,N129
N128,N129
N129,N130
N129,N131
N130,N132
N131,N132
N132,N133
N132,N134
N133,N135
N134,N135
N135,N136
N135,N137
N136,N138
N137,N138
N138,N139
N138,N140
N139,N141
N140,N141
N141,N142
N141,N143
N142,N144
N143,N144
N144,N145
N144,N146
N145,N147
N146,N147
N147,N148
N147,N149
N148,N150
N149,N150
N150,N151
N150,N152
N151,N153
N152,N153
N153,N154
N153,N155
N154,N156
N155,N156
N156,N157
N156,N158
N157,N159
N158,N159
N159,N160
N159,N161
N160,N162
N161,N162
N162,N163
N162,N164
N163,N165
N164,N165
N165,N166
N165,N167
N166,N168
N167,N168
N168,N169
N168,N170
N169,N171
N170,N171
N171,N172
N171,N173
N172,N174
N173,N174
N174,N175
N174,N176
N175,N177
N176,N177
N177,N178
N177,N179
N178,N180
N179,N180
N180,N181
N180,N182
N181,N183
N182,N183
N183,N184
N183,N185
N184,N186
N185,N186
N186,N187
N186,N188
N187,N189
N188,N189
N189,N190
N189,N191
N190,N192
N191,N192
N192,N193
N192,N194
N193,N195
N194,N195
N195,N196
N195,N197
N196,N198
N197,N198
N198,N199
N198,N200
N199,N201
N200,N201
N201,N202
N201,N203
N202,N204
N203,N204
N204,N205
N204,N206
N205,N207
N206,N207
N207,N208
N207,N209
N208,N210
N209,N210
N210,N211
N210,N212
N211,N213
N212,N213
N213,N214
N213,N215
N214,N216
N215,N216
N216,N217
N216,N218
N217,N219
N218,N219
N219,N220
N219,N221
N220,N222
N221,N222
N222,N223
N222,N224
N223,N225
N224,N225
N225,N226
N225,N227
N226,N228
N227,N228
N228,N229
N228,N230
N229,N231
N230,N231
N231,N232
N231,N233
N232,N234
N233,N234
N234,N235
N234,N236
N235,N237
N236,N237
N237,N238
N237,N239
N238,N240
N239,N240
N240,N241
N240,N242
N241,N243
N242,N243
N243,N244
N243,N245
N244,N246
N245,N246
N246,N247
N246,N248
N247,N249
N248,N249
N249,N250
N249,N251
N250,N252
N251,N252
N252,N253
N252,N254
N253,N255
N254,N255
N255,N256
N255,N257
N256,N258
N257,N258
N258,N259
N258,N260
N259,N261
N260,N261
N261,N262
N261,N263
N262,N264
N263,N264
N264,N265
N264,N266
N265,N267
N266,N267
N267,N268
N267,N269
N268,N270
N269,N270
N270,N271
N270,N272
N271,N273
N272,N273
N273,N274
N273,N275
N274,N276
N275,N276
N276,N277
N276,N278
N277,N279
N278,N279
N279,N280
N279,N281
N280,N282
N281,N282
N282,N283
N282,N284
N283,N285
N284,N285
N285,N286
N285,N287
N286,N288
N287,N288
N288,N289
N288,N290
N289,N291
N290,N291
N291,N292
N291,N293
N292,N294
N293,N294
N294,N295
N294,N296
N295,N297
N296,N297
N297,N298
N297,N299
N298,N300
N299,N300
N300,N301
N300,N302
N301,N303
N302,N303
N303,N304
N303,N305
N304,N306
N305,N306
N306,N307
N306,N308
N307,N309
N308,N309
N309,N310
N309,N311
N310,N312
N311,N312
N312,N313
N312,N314
N313,N315
N314,N315
N315,N316
N315,N317
N316,N318
N317,N318
N318,N319
N318,N320
N319,N321
N320,N321
N321,N322
N321,N323
N322,N324
N323,N324
N324,N325
N324,N326
N325,N327
N326,N327
N327,N328
N327,N329
N328,N330
N329,N330
N330,N331
N330,N332
N331,N333
N332,N333
N333,N334
N333,N335
N334,N336
N335,N336
N336,N337
N336,N338
N337,N339
N338,N339
N339,N340
N339,N341
N340,N342
N341,N342
N342,N343
N342,N344
N343,N345
N344,N345
N345,N346
N345,N347
N346,N348
N347,N348
N348,N349
N348,N350
N349,N351
N350,N351
N351,N352
N351,N353
N352,N354
N353,N354
N354,N355
N354,N356
N355,N357
N356,N357
N357,N358
N357,N359
N358,N360
N359,N360
N360,N361
N360,N362
N361,N363
N362,N363
N363,N364
N363,N365
N364,N366
N365,N366
N366,N367
N366,N368
N367,N369
N368,N369
N369,N370
N369,N371
N370,N372
N371,N372
N372,N373
N372,N374
N373,N375
N374,N375
N375,N376
N375,N377
N376,N378
N377,N378
N378,N379
N378,N380
N379,N381
N380,N381
N381,N382
N381,N383
N382,N384
N383,N384
N384,N385
N384,N386
N385,N387
N386,N387
N387,N388
N387,N389
N388,N390
N389,N390
N390,N391
N390,N392
N391,N393
N392,N393
N393,N394
N393,N395
N394,N396
N395,N396
N396,N397
N396,N398
N397,N399
N398,N399
N399,N400
N399,N401
N400,N402
N401,N402
N402,N403
N402,N404
N403,N405
N404,N405
N405,N406
N405,N407
N406,N408
N407,N408
N408,N409
N408,N410
N409,N411
N410,N411
N411,N412
N411,N413
N412,N414
N413,N414
N414,N415
N414,N416
N415,N417
N416,N417
N417,N418
N417,N419
N418,N420
N419,N420
N420,N421
N420,N422
N421,N423
N422,N423
N423,N424
N423,N425
N424,N426
N425,N426
N426,N427
N426,N428
N427,N429
N428,N429
N429,N430
N429,N431
N430,N432
N431,N432
N432,N433
N432,N434
N433,N435
N434,N435
N435,N436
N435,N437
N436,N438
N437,N438
N438,N439
N438,N440
N439,N441
N440,N441
N441,N442
N441,N443
N442,N444
N443,N444
N444,N445
N444,N446
N445,N447
N446,N447
N447,N448
N447,N449
N448,N450
N449,N450
N450,N451
N450,N452
N451,N453
N452,N453
N453,N454
N453,N455
N454,N456
N455,N456
N456,N457
N456,N458
N457,N459
N458,N459
N459,N460
N459,N461
N460,N462
N461,N462
N462,N463
N462,N464
N463,N465
N464,N465
N465,N466
N465,N467
N466,N468
N467,N468
N468,N469
N468,N470
N469,N471
N470,N471
N471,N472
N471,N473
N472,N474
N473,N474
N474,N475
N474,N476
N475,N477
N476,N477
N477,N478
N477,N479
N478,N480
N479,N480
N480,N481
N480,N482
N481,N483
N482,N483
N483,N484
N483,N485
N484,N486
N485,N486
N486,N487
N486,N488
N487,N489
N488,N489
N489,N490
N489,N491
N490,N492
N491,N492
N492,N493
N492,N494
N493,N495
N494,N495
N495,N496
N495,N497
N496,N498
N497,N498
N498,N499
N498,N500
N499,N501
N500,N501
N501,N502
N501,N503
N502,N504
N503,N504
N504,N505
N504,N506
N505,N507
N506,N507
N507,N508
N507,N509
N508,N510
N509,N510
N510,N511
N510,N512
N511,N513
N512,N513
N513,N514
N513,N515
N514,N516
N515,N516
N516,N517
N516,N518
N517,N519
N518,N519
N519,N520
N519,N521
N520,N522
N521,N522
N522,N523
N522,N524
N523,N525
N524,N525
N525,N526
N525,N527
N526,N528
N527,N528
N528,N529
N528,N530
N529,N531
N530,N531
N531,N532
N531,N533
N532,N534
N533,N534
N534,N535
N534,N536
N535,N537
N536,N537
N537,N538
N537,N539
N538,N540
N539,N540
N540,N541
N540,N542
N541,N543
N542,N543
N543,N544
N543,N545
N544,N546
N545,N546
N546,N547
N546,N548
N547,N549
N548,N549
N549,N550
N549,N551
N550,N552
N551,N552
N552,N553
N552,N554
N553,N555
N554,N555
N555,N556
N555,N557
N556,N558
N557,N558
N558,N559
N558,N560
N559,N561
N560,N561
N561,N562
N561,N563
N562,N564
N563,N564
N564,N565
N564,N566
N565,N567
N566,N567
N567,N568
N567,N569
N568,N570
N569,N570
N570,N571
N570,N572
N571,N573
N572,N573
N573,N574
N573,N575
N574,N576
N575,N576
N576,N577
N576,N578
N577,N579
N578,N579
N579,N580
N579,N581
N580,N582
N581,N582
N582,N583
N582,N584
N583,N585
N584,N585
N585,N586
N585,N587
N586,N588
N587,N588
N588,N589
N588,N590
N589,N591
N590,N591
N591,N592
N591,N593
N592,N594
N593,N594
N594,N595
N594,N596
N595,N597
N596,N597
N597,N598
N597,N599
N598,N600
N599,N600
N600,N601
N600,N602
N601,N603
N602,N603
N603,N604
N603,N605
N604,N606
N605,N606
N606,N607
N606,N608
N607,N609
N608,N609
N609,N610
N609,N611
N610,N612
N611,N612
N612,N613
N612,N614
N613,N615
N614,N615
N615,N616
N615,N617
N616,N618
N617,N618
N618,N619
N618,N620
N619,N621
N620,N621
N621,N622
N621,N623
N622,N624
N623,N624
N624,N625
N624,N626
N625,N627
N626,N627
N627,N628
N627,N629
N628,N630
N629,N630
N630,N631
N630,N632
N631,N633
N632,N633
N633,N634
N633,N635
N634,N636
N635,N636
N636,N637
N636,N638
N637,N639
N638,N639
N639,N640
N639,N641
N640,N642
N641,N642
N642,N643
N642,N644
N643,N645
N644,N645
N645,N646
N645,N647
N646,N648
N647,N648
N648,N649
N648,N650
N649,N651
N650,N651
N651,N652
N651,N653
N652,N654
N653,N654
N654,N655
N654,N656
N655,N657
N656,N657
N657,N658
N657,N659
N658,N660
N659,N660
N660,N661
N660,N662
N661,N663
N662,N663
N663,N664
N663,N665
N664,N666
N665,N666
N666,N667
N666,N668
N667,N669
N668,N669
N669,N670
N669,N671
N670,N672
N671,N672
N672,N673
N672,N674
N673,N675
N674,N675
N675,N676
N675,N677
N676,N678
N677,N678
N678,N679
N678,N680
N679,N681
N680,N681
N681,N682
N681,N683
N682,N684
N683,N684
N684,N685
N684,N686
N685,N687
N686,N687
N687,N688
N687,N689
N688,N690
N689,N690
N690,N691
N690,N692
N691,N693
N692,N693
N693,N694
N693,N695
N694,N696
N695,N696
N696,N697
N696,N698
N697,N699
N698,N699
N699,N700
N699,N701
N700,N702
N701,N702
N702,N703
N702,N704
N703,N705
N704,N705
N705,N706
N705,N707
N706,N708
N707,N708
N708,N709
N708,N710
N709,N711
N710,N711
N711,N712
N711,N713
N712,N714
N713,N714
N714,N715
N714,N716
N715,N717
N716,N717
N717,N718
N717,N719
N718,N720
N719,N720
N720,N721
N720,N722
N721,N723
N722,N723
N723,N724
N723,N725
N724,N726
N725,N726
N726,N727
N726,N728
N727,N729
N728,N729
N729,N730
N729,N731
N730,N732
N731,N732
N732,N733
N732,N734
N733,N735
N734,N735
N735,N736
N735,N737
N736,N738
N737,N738
N738,N739
N738,N740
N739,N741
N740,N741
N741,N742
N741,N743
N742,N744
N743,N744
N744,N745
N744,N746
N745,N747
N746,N747
N747,N748
N747,N749
N748,N750
N749,N750
N750,N751
N750,N752
N751,N753
N752,N753
N753,N754
N753,N755
N754,N756
N755,N756
N756,N757
N756,N758
N757,N759
N758,N759
N759,N760
N759,N761
N760,N762
N761,N762
N762,N763
N762,N764
N763,N765
N764,N765
N765,N766
N765,N767
N766,N768
N767,N768
N768,N769
N768,N770
N769,N771
N770,N771
N771,N772
N771,N773
N772,N774
N773,N774
N774,N775
N774,N776
N775,N777
N776,N777
N777,N778
N777,N779
N778,N780
N779,N780
N780,N781
N780,N782
N781,N783
N782,N783
N783,N784
N783,N785
N784,N786
N785,N786
N786,N787
N786,N788
N787,N789
N788,N789
N789,N790
N789,N791
N790,N792
N791,N792
N792,N793
N792,N794
N793,N795
N794,N795
N795,N796
N795,N797
N796,N798
N797,N798
N798,N799
N798,N800
N799,N801
N800,N801
N801,N802
N801,N803
N802,N804
N803,N804
N804,N805
N804,N806
N805,N807
N806,N807
N807,N808
N807,N809
N808,N810
N809,N810
N810,N811
N810,N812
N811,N813
N812,N813
N813,N814
N813,N815
N814,N816
N815,N816
N816,N817
N816,N818
N817,N819
N818,N819
N819,N820
N819,N821
N820,N822
N821,N822
N822,N823
N822,N824
N823,N825
N824,N825
N825,N826
N825,N827
N826,N828
N827,N828
N828,N829
N828,N830
N829,N831
N830,N831
N831,N832
N831,N833
N832,N834
N833,N834
N834,N835
N834,N836
N835,N837
N836,N837
N837,N838
N837,N839
N838,N840
N839,N840
N840,N841
N840,N842
N841,N843
N842,N843
N843,N844
N843,N845
N844,N846
N845,N846
N846,N847
N846,N848
N847,N849
N848,N849
N849,N850
N849,N851
N850,N852
N851,N852
N852,N853
N852,N854
N853,N855
N854,N855
N855,N856
N855,N857
N856,N858
N857,N858
N858,N859
N858,N860
N859,N861
N860,N861
N861,N862
N861,N863
N862,N864
N863,N864
N864,N865
N864,N866
N865,N867
N866,N867
N867,N868
N867,N869
N868,N870
N869,N870
N870,N871
N870,N872
N871,N873
N872,N873
N873,N874
N873,N875
N874,N876
N875,N876
N876,N877
N876,N878
N877,N879
N878,N879
N879,N880
N879,N881
N880,N882
N881,N882
N882,N883
N882,N884
N883,N885
N884,N885
N885,N886
N885,N887
N886,N888
N887,N888
N888,N889
N888,N890
N889,N891
N890,N891
N891,N892
N891,N893
N892,N894
N893,N894
N894,N895
N894,N896
N895,N897
N896,N897
N897,N898
N897,N899
N898,N900
N899,N900
N900,N901
N900,N902
N901,N903
N902,N903
N903,N904
N903,N905
N904,N906
N905,N906
N906,N907
N906,N908
N907,N909
N908,N909
N909,N910
N909,N911
N910,N912
N911,N912
N912,N913
N912,N914
N913,N915
N914,N915
N915,N916
N915,N917
N916,N918
N917,N918
N918,N919
N918,N920
N919,N921
N920,N921
N921,N922
N921,N923
N922,N924
N923,N924
N924,N925
N924,N926
N925,N927
N926,N927
N927,N928
N927,N929
N928,N930
N929,N930
N930,N931
N930,N932
N931,N933
N932,N933
N933,N934
N933,N935
N934,N936
N935,N936
N936,N937
N936,N938
N937,N939
N938,N939
N939,N940
N939,N941
N940,N942
N941,N942
N942,N943
N942,N944
N943,N945
N944,N945
N945,N946
N945,N947
N946,N948
N947,N948
N948,N949
N948,N950
N949,N951
N950,N951
N951,N952
N951,N953
N952,N954
N953,N954
N954,N955
N954,N956
N955,N957
N956,N957
N957,N958
N957,N959
N958,N960
N959,N960
N960,N961
N960,N962
N961,N963
N962,N963
N963,N964
N963,N965
N964,N966
N965,N966
N966,N967
N966,N968
N967,N969
N968,N969
N969,N970
N969,N971
N970,N972
N971,N972
N972,N973
N972,N974
N973,N975
N974,N975
N975,N976
N975,N977
N976,N978
N977,N978
N978,N979
N978,N980
N979,N981
N980,N981
N981,N982
N981,N983
N982,N984
N983,N984
N984,N985
N984,N986
N985,N987
N986,N987
N987,N988
N987,N989
N988,N990
N989,N990
N990,N991
N990,N992
N991,N993
N992,N993
N993,N994
N993,N995
N994,N996
N995,N996
N996,N997
N996,N998
N997,N999
N998,N999
N999,N1000
N999,N1001
N1000,N1002
N1001,N1002
N1002,N1003
N1002,N1004
N1003,N1005
N1004,N1005
N1005,N1006
N1005,N1007
N1006,N1008
N1007,N1008
N1008,N1009
N1008,N1010
N1009,N1011
N1010,N1011
N1011,N1012
N1011,N1013
N1012,N1014
N1013,N1014
N1014,N1015
N1014,N1016
N1015,N1017
N1016,N1017
N1017,N1018
N1017,N1019
N1018,N1020
N1019,N1020
N1020,N1021
N1020,N1022
N1021,N1023
N1022,N1023
N1023,N1024
N1023,N1025
N1024,N1026
N1025,N1026
N1026,N1027
N1026,N1028
N1027,N1029
N1028,N1029
N1029,N1030
N1029,N1031
N1030,N1032
N1031,N1032
N1032,N1033
N1032,N1034
N1033,N1035
N1034,N1035
N1035,N1036
N1035,N1037
N1036,N1038
N1037,N1038
N1038,N1039
N1038,N1040
N1039,N1041
N1040,N1041
N1041,N1042
N1041,N1043
N1042,N1044
N1043,N1044
N1044,N1045
N1044,N1046
N1045,N1047
N1046,N1047
N1047,N1048
N1047,N1049
N1048,N1050
N1049,N1050
N1050,N1051
N1050,N1052
N1051,N1053
N1052,N1053
N1053,N1054
N1053,N1055
N1054,N1056
N1055,N1056
N1056,N1057
N1056,N1058
N1057,N1059
N1058,N1059
N1059,N1060
N1059,N1061
N1060,N1062
N1061,N1062
N1062,N1063
N1062,N1064
N1063,N1065
N1064,N1065
N1065,N1066
N1065,N1067
N1066,N1068
N1067,N1068
N1068,N1069
N1068,N1070
N1069,N1071
N1070,N1071
N1071,N1072
N1071,N1073
N1072,N1074
N1073,N1074
N1074,N1075
N1074,N1076
N1075,N1077
N1076,N1077
N1077,N1078
N1077,N1079
N1078,N1080
N1079,N1080
N1080,N1081
N1080,N1082
N1081,N1083
N1082,N1083
N1083,N1084
N1083,N1085
N1084,N1086
N1085,N1086
N1086,N1087
N1086,N1088
N1087,N1089
N1088,N1089
N1089,N1090
N1089,N1091
N1090,N1092
N1091,N1092
N1092,N1093
N1092,N1094
N1093,N1095
N1094,N1095
N1095,N1096
N1095,N1097
N1096,N1098
N1097,N1098
N1098,N1099
N1098,N1100
N1099,N1101
N1100,N1101
N1101,N1102
N1101,N1103
N1102,N1104
N1103,N1104
N1104,N1105
N1104,N1106
N1105,N1107
N1106,N1107
N1107,N1108
N1107,N1109
N1108,N1110
N1109,N1110
N1110,N1111
N1110,N1112
N1111,N1113
N1112,N1113
N1113,N1114
N1113,N1115
N1114,N1116
N1115,N1116
N1116,N1117
N1116,N1118
N1117,N1119
N1118,N1119
N1119,N1120
N1119,N1121
N1120,N1122
N1121,N1122
N1122,N1123
N1122,N1124
N1123,N1125
N1124,N1125
N1125,N1126
N1125,N1127
N1126,N1128
N1127,N1128
N1128,N1129
N1128,N1130
N1129,N1131
N1130,N1131
N1131,N1132
N1131,N1133
N1132,N1134
N1133,N1134
N1134,N1135
N1134,N1136
N1135,N1137
N1136,N1137
N1137,N1138
N1137,N1139
N1138,N1140
N1139,N1140
N1140,N1141
N1140,N1142
N1141,N1143
N1142,N1143
N1143,N1144
N1143,N1145
N1144,N1146
N1145,N1146
N1146,N1147
N1146,N1148
N1147,N1149
N1148,N1149
N1149,N1150
N1149,N1151
N1150,N1152
N1151,N1152
N1152,N1153
N1152,N1154
N1153,N1155
N1154,N1155
N1155,N1156
N1155,N1157
N1156,N1158
N1157,N1158
N1158,N1159
N1158,N1160
N1159,N1161
N1160,N1161
N1161,N1162
N1161,N1163
N1162,N1164
N1163,N1164
N1164,N1165
N1164,N1166
N1165,N1167
N1166,N1167
N1167,N1168
N1167,N1169
N1168,N1170
N1169,N1170
N1170,N1171
N1170,N1172
N1171,N1173
N1172,N1173
N1173,N1174
N1173,N1175
N1174,N1176
N1175,N1176
N1176,N1177
N1176,N1178
N1177,N1179
N1178,N1179
N1179,N1180
N1179,N1181
N1180,N1182
N1181,N1182
N1182,N1183
N1182,N1184
N1183,N1185
N1184,N1185
N1185,N1186
N1185,N1187
N1186,N1188
N1187,N1188
N1188,N1189
N1188,N1190
N1189,N1191
N1190,N1191
N1191,N1192
N1191,N1193
N1192,N1194
N1193,N1194
N1194,N1195
N1194,N1196
N1195,N1197
N1196,N1197
N1197,N1198
N1197,N1199
N1198,N1200
N1199,N1200
N1200,N1201
N1200,N1202
N1201,N1203
N1202,N1203
N1203,N1204
N1203,N1205
N1204,N1206
N1205,N1206
N1206,N1207
N1206,N1208
N1207,N1209
N1208,N1209
N1209,N1210
N1209,N1211
N1210,N1212
N1211,N1212
N1212,N1213
N1212,N1214
N1213,N1215
N1214,N1215
N1215,N1216
N1215,N1217
N1216,N1218
N1217,N1218
N1218,N1219
N1218,N1220
N1219,N1221
N1220,N1221
N1221,N1222
N1221,N1223
N1222,N1224
N1223,N1224
N1224,N1225
N1224,N1226
N1225,N1227
N1226,N1227
N1227,N1228
N1227,N1229
N1228,N1230
N1229,N1230
N1230,N1231
N1230,N1232
N1231,N1233
N1232,N1233
N1233,N1234
N1233,N1235
N1234,N1236
N1235,N1236
N1236,N1237
N1236,N1238
N1237,N1239
N1238,N1239
N1239,N1240
N1239,N1241
N1240,N1242
N1241,N1242
N1242,N1243
N1242,N1244
N1243,N1245
N1244,N1245
N1245,N1246
N1245,N1247
N1246,N1248
N1247,N1248
N1248,N1249
N1248,N1250
N1249,N1251
N1250,N1251
N1251,N1252
N1251,N1253
N1252,N1254
N1253,N1254
N1254,N1255
N1254,N1256
N1255,N1257
N1256,N1257
N1257,N1258
N1257,N1259
N1258,N1260
N1259,N1260
N1260,N1261
N1260,N1262
N1261,N1263
N1262,N1263
N1263,N1264
N1263,N1265
N1264,N1266
N1265,N1266
N1266,N1267
N1266,N1268
N1267,N1269
N1268,N1269
N1269,N1270
N1269,N1271
N1270,N1272
N1271,N1272
N1272,N1273
N1272,N1274
N1273,N1275
N1274,N1275
N1275,N1276
N1275,N1277
N1276,N1278
N1277,N1278
N1278,N1279
N1278,N1280
N1279,N1281
N1280,N1281
N1281,N1282
N1281,N1283
N1282,N1284
N1283,N1284
N1284,N1285
N1284,N1286
N1285,N1287
N1286,N1287
N1287,N1288
N1287,N1289
N1288,N1290
N1289,N1290
N1290,N1291
N1290,N1292
N1291,N1293
N1292,N1293
N1293,N1294
N1293,N1295
N1294,N1296
N1295,N1296
N1296,N1297
N1296,N1298
N1297,N1299
N1298,N1299
N1299,N1300
N1299,N1301
N1300,N1302
N1301,N1302
N1302,N1303
N1302,N1304
N1303,N1305
N1304,N1305
N1305,N1306
N1305,N1307
N1306,N1308
N1307,N1308
N1308,N1309
N1308,N1310
N1309,N1311
N1310,N1311
N1311,N1312
N1311,N1313
N1312,N1314
N1313,N1314
N1314,N1315
N1314,N1316
N1315,N1317
N1316,N1317
N1317,N1318
N1317,N1319
N1318,N1320
N1319,N1320
N1320,N1321
N1320,N1322
N1321,N1323
N1322,N1323
N1323,N1324
N1323,N1325
N1324,N1326
N1325,N1326
N1326,N1327
N1326,N1328
N1327,N1329
N1328,N1329
N1329,N1330
N1329,N1331
N1330,N1332
N1331,N1332
N1332,N1333
N1332,N1334
N1333,N1335
N1334,N1335
N1335,N1336
N1335,N1337
N1336,N1338
N1337,N1338
N1338,N1339
N1338,N1340
N1339,N1341
N1340,N1341
N1341,N1342
N1341,N1343
N1342,N1344
N1343,N1344
N1344,N1345
N1344,N1346
N1345,N1347
N1346,N1347
N1347,N1348
N1347,N1349
N1348,N1350
N1349,N1350
N1350,N1351
N1350,N1352
N1351,N1353
N1352,N1353
N1353,N1354
N1353,N1355
N1354,N1356
N1355,N1356
N1356,N1357
N1356,N1358
N1357,N1359
N1358,N1359
N1359,N1360
N1359,N1361
N1360,N1362
N1361,N1362
N1362,N1363
N1362,N1364
N1363,N1365
N1364,N1365
N1365,N1366
N1365,N1367
N1366,N1368
N1367,N1368
N1368,N1369
N1368,N1370
N1369,N1371
N1370,N1371
N1371,N1372
N1371,N1373
N1372,N1374
N1373,N1374
N1374,N1375
N1374,N1376
N1375,N1377
N1376,N1377
N1377,N1378
N1377,N1379
N1378,N1380
N1379,N1380
N1380,N1381
N1380,N1382
N1381,N1383
N1382,N1383
N1383,N1384
N1383,N1385
N1384,N1386
N1385,N1386
N1386,N1387
N1386,N1388
N1387,N1389
N1388,N1389
N1389,N1390
N1389,N1391
N1390,N1392
N1391,N1392
N1392,N1393
N1392,N1394
N1393,N1395
N1394,N1395
N1395,N1396
N1395,N1397
N1396,N1398
N1397,N1398
N1398,N1399
N1398,N1400
N1399,N1401
N1400,N1401
N1401,N1402
N1401,N1403
N1402,N1404
N1403,N1404
N1404,N1405
N1404,N1406
N1405,N1407
N1406,N1407
N1407,N1408
N1407,N1409
N1408,N1410
N1409,N1410
N1410,N1411
N1410,N1412
N1411,N1413
N1412,N1413
N1413,N1414
N1413,N1415
N1414,N1416
N1415,N1416
N1416,N1417
N1416,N1418
N1417,N1419
N1418,N1419
N1419,N1420
N1419,N1421
N1420,N1422
N1421,N1422
N1422,N1423
N1422,N1424
N1423,N1425
N1424,N1425
N1425,N1426
N1425,N1427
N1426,N1428
N1427,N1428
N1428,N1429
N1428,N1430
N1429,N1431
N1430,N1431
N1431,N1432
N1431,N1433
N1432,N1434
N1433,N1434
N1434,N1435
N1434,N1436
N1435,N1437
N1436,N1437
N1437,N1438
N1437,N1439
N1438,N1440
N1439,N1440
N1440,N1441
N1440,N1442
N1441,N1443
N1442,N1443
N1443,N1444
N1443,N1445
N1444,N1446
N1445,N1446
N1446,N1447
N1446,N1448
N1447,N1449
N1448,N1449
N1449,N1450
N1449,N1451
N1450,N1452
N1451,N1452
N1452,N1453
N1452,N1454
N1453,N1455
N1454,N1455
N1455,N1456
N1455,N1457
N1456,N1458
N1457,N1458
N1458,N1459
N1458,N1460
N1459,N1461
N1460,N1461
N1461,N1462
N1461,N1463
N1462,N1464
N1463,N1464
N1464,N1465
N1464,N1466
N1465,N1467
N1466,N1467
N1467,N1468
N1467,N1469
N1468,N1470
N1469,N1470
N1470,N1471
N1470,N1472
N1471,N1473
N1472,N1473
N1473,N1474
N1473,N1475
N1474,N1476
N1475,N1476
N1476,N1477
N1476,N1478
N1477,N1479
N1478,N1479
N1479,N1480
N1479,N1481
N1480,N1482
N1481,N1482
N1482,N1483
N1482,N1484
N1483,N1485
N1484,N1485
N1485,N1486
N1485,N1487
N1486,N1488
N1487,N1488
N1488,N1489
N1488,N1490
N1489,N1491
N1490,N1491
N1491,N1492
N1491,N1493
N1492,N1494
N1493,N1494
N1494,N1495
N1494,N1496
N1495,N1497
N1496,N1497
N1497,N1498
N1497,N1499
N1498,N1500
N1499,N1500
N1500,N1501
N1500,N1502
N1501,N1503
N1502,N1503
N1503,N1504
N1503,N1505
N1504,N1506
N1505,N1506
N1506,N1507
N1506,N1508
N1507,N1509
N1508,N1509
N1509,N1510
N1509,N1511
N1510,N1512
N1511,N1512
N1512,N1513
N1512,N1514
N1513,N1515
N1514,N1515
N1515,N1516
N1515,N1517
N1516,N1518
N1517,N1518
N1518,N1519
N1518,N1520
N1519,N1521
N1520,N1521
N1521,N1522
N1521,N1523
N1522,N1524
N1523,N1524
N1524,N1525
N1524,N1526
N1525,N1527
N1526,N1527
N1527,N1528
N1527,N1529
N1528,N1530
N1529,N1530
N1530,N1531
N1530,N1532
N1531,N1533
N1532,N1533
N1533,N1534
N1533,N1535
N1534,N1536
N1535,N1536
N1536,N1537
N1536,N1538
N1537,N1539
N1538,N1539
N1539,N1540
N1539,N1541
N1540,N1542
N1541,N1542
N1542,N1543
N1542,N1544
N1543,N1545
N1544,N1545
N1545,N1546
N1545,N1547
N1546,N1548
N1547,N1548
N1548,N1549
N1548,N1550
N1549,N1551
N1550,N1551
N1551,N1552
N1551,N1553
N1552,N1554
N1553,N1554
N1554,N1555
N1554,N1556
N1555,N1557
N1556,N1557
N1557,N1558
N1557,N1559
N1558,N1560
N1559,N1560
N1560,N1561
N1560,N1562
N1561,N1563
N1562,N1563
N1563,N1564
N1563,N1565
N1564,N1566
N1565,N1566
N1566,N1567
N1566,N1568
N1567,N1569
N1568,N1569
N1569,N1570
N1569,N1571
N1570,N1572
N1571,N1572
N1572,N1573
N1572,N1574
N1573,N1575
N1574,N1575
N1575,N1576
N1575,N1577
N1576,N1578
N1577,N1578
N1578,N1579
N1578,N1580
N1579,N1581
N1580,N1581
N1581,N1582
N1581,N1583
N1582,N1584
N1583,N1584
N1584,N1585
N1584,N1586
N1585,N1587
N1586,N1587
N1587,N1588
N1587,N1589
N1588,N1590
N1589,N1590
N1590,N1591
N1590,N1592
N1591,N1593
N1592,N1593
N1593,N1594
N1593,N1595
N1594,N1596
N1595,N1596
N1596,N1597
N1596,N1598
N1597,N1599
N1598,N1599
N1599,N1600
N1599,N1601
N1600,N1602
N1601,N1602
N1602,N1603
N1602,N1604
N1603,N1605
N1604,N1605
N1605,N1606
N1605,N1607
N1606,N1608
N1607,N1608
N1608,N1609
N1608,N1610
N1609,N1611
N1610,N1611
N1611,N1612
N1611,N1613
N1612,N1614
N1613,N1614
N1614,N1615
N1614,N1616
N1615,N1617
N1616,N1617
N1617,N1618
N1617,N1619
N1618,N1620
N1619,N1620
N1620,N1621
N1620,N1622
N1621,N1623
N1622,N1623
N1623,N1624
N1623,N1625
N1624,N1626
N1625,N1626
N1626,N1627
N1626,N1628
N1627,N1629
N1628,N1629
N1629,N1630
N1629,N1631
N1630,N1632
N1631,N1632
N1632,N1633
N1632,N1634
N1633,N1635
N1634,N1635
N1635,N1636
N1635,N1637
N1636,N1638
N1637,N1638
N1638,N1639
N1638,N1640
N1639,N1641
N1640,N1641
N1641,N1642
N1641,N1643
N1642,N1644
N1643,N1644
N1644,N1645
N1644,N1646
N1645,N1647
N1646,N1647
N1647,N1648
N1647,N1649
N1648,N1650
N1649,N1650
N1650,N1651
N1650,N1652
N1651,N1653
N1652,N1653
N1653,N1654
N1653,N1655
N1654,N1656
N1655,N1656
N1656,N1657
N1656,N1658
N1657,N1659
N1658,N1659
N1659,N1660
N1659,N1661
N1660,N1662
N1661,N1662
N1662,N1663
N1662,N1664
N1663,N1665
N1664,N1665
N1665,N1666
N1665,N1667
N1666,N1668
N1667,N1668
N1668,N1669
N1668,N1670
N1669,N1671
N1670,N1671
N1671,N1672
N1671,N1673
N1672,N1674
N1673,N1674
N1674,N1675
N1674,N1676
N1675,N1677
N1676,N1677
N1677,N1678
N1677,N1679
N1678,N1680
N1679,N1680
N1680,N1681
N1680,N1682
N1681,N1683
N1682,N1683
N1683,N1684
N1683,N1685
N1684,N1686
N1685,N1686
N1686,N1687
N1686,N1688
N1687,N1689
N1688,N1689
N1689,N1690
N1689,N1691
N1690,N1692
N1691,N1692
N1692,N1693
N1692,N1694
N1693,N1695
N1694,N1695
N1695,N1696
N1695,N1697
N1696,N1698
N1697,N1698
N1698,N1699
N1698,N1700
N1699,N1701
N1700,N1701
N1701,N1702
N1701,N1703
N1702,N1704
N1703,N1704
N1704,N1705
N1704,N1706
N1705,N1707
N1706,N1707
N1707,N1708
N1707,N1709
N1708,N1710
N1709,N1710
N1710,N1711
N1710,N1712
N1711,N1713
N1712,N1713
N1713,N1714
N1713,N1715
N1714,N1716
N1715,N1716
N1716,N1717
N1716,N1718
N1717,N1719
N1718,N1719
N1719,N1720
N1719,N1721
N1720,N1722
N1721,N1722
N1722,N1723
N1722,N1724
N1723,N1725
N1724,N1725
N1725,N1726
N1725,N1727
N1726,N1728
N1727,N1728
N1728,N1729
N1728,N1730
N1729,N1731
N1730,N1731
N1731,N1732
N1731,N1733
N1732,N1734
N1733,N1734
N1734,N1735
N1734,N1736
N1735,N1737
N1736,N1737
N1737,N1738
N1737,N1739
N1738,N1740
N1739,N1740
N1740,N1741
N1740,N1742
N1741,N1743
N1742,N1743
N1743,N1744
N1743,N1745
N1744,N1746
N1745,N1746
N1746,N1747
N1746,N1748
N1747,N1749
N1748,N1749
N1749,N1750
N1749,N1751
N1750,N1752
N1751,N1752
N1752,N1753
N1752,N1754
N1753,N1755
N1754,N1755
N1755,N1756
N1755,N1757
N1756,N1758
N1757,N1758
N1758,N1759
N1758,N1760
N1759,N1761
N1760,N1761
N1761,N1762
N1761,N1763
N1762,N1764
N1763,N1764
N1764,N1765
N1764,N1766
N1765,N1767
N1766,N1767
N1767,N1768
N1767,N1769
N1768,N1770
N1769,N1770
N1770,N1771
N1770,N1772
N1771,N1773
N1772,N1773
N1773,N1774
N1773,N1775
N1774,N1776
N1775,N1776
N1776,N1777
N1776,N1778
N1777,N1779
N1778,N1779
N1779,N1780
N1779,N1781
N1780,N1782
N1781,N1782
N1782,N1783
N1782,N1784
N1783,N1785
N1784,N1785
N1785,N1786
N1785,N1787
N1786,N1788
N1787,N1788
N1788,N1789
N1788,N1790
N1789,N1791
N1790,N1791
N1791,N1792
N1791,N1793
N1792,N1794
N1793,N1794
N1794,N1795
N1794,N1796
N1795,N1797
N1796,N1797
N1797,N1798
N1797,N1799
N1798,N1800
N1799,N1800
N1800,N1801
N1800,N1802
N1801,N1803
N1802,N1803
N1803,N1804
N1803,N1805
N1804,N1806
N1805,N1806
N1806,N1807
N1806,N1808
N1807,N1809
N1808,N1809
N1809,N1810
N1809,N1811
N1810,N1812
N1811,N1812
N1812,N1813
N1812,N1814
N1813,N1815
N1814,N1815
N1815,N1816
N1815,N1817
N1816,N1818
N1817,N1818
N1818,N1819
N1818,N1820
N1819,N1821
N1820,N1821
N1821,N1822
N1821,N1823
N1822,N1824
N1823,N1824
N1824,N1825
N1824,N1826
N1825,N1827
N1826,N1827
N1827,N1828
N1827,N1829
N1828,N1830
N1829,N1830
N1830,N1831
N1830,N1832
N1831,N1833
N1832,N1833
N1833,N1834
N1833,N1835
N1834,N1836
N1835,N1836
N1836,N1837
N1836,N1838
N1837,N1839
N1838,N1839
N1839,N1840
N1839,N1841
N1840,N1842
N1841,N1842
N1842,N1843
N1842,N1844
N1843,N1845
N1844,N1845
N1845,N1846
N1845,N1847
N1846,N1848
N1847,N1848
N1848,N1849
N1848,N1850
N1849,N1851
N1850,N1851
N1851,N1852
N1851,N1853
N1852,N1854
N1853,N1854
N1854,N1855
N1854,N1856
N1855,N1857
N1856,N1857
N1857,N1858
N1857,N1859
N1858,N1860
N1859,N1860
N1860,N1861
N1860,N1862
N1861,N1863
N1862,N1863
N1863,N1864
N1863,N1865
N1864,N1866
N1865,N1866
N1866,N1867
N1866,N1868
N1867,N1869
N1868,N1869
N1869,N1870
N1869,N1871
N1870,N1872
N1871,N1872
N1872,N1873
N1872,N1874
N1873,N1875
N1874,N1875
N1875,N1876
N1875,N1877
N1876,N1878
N1877,N1878
N1878,N1879
N1878,N1880
N1879,N1881
N1880,N1881
N1881,N1882
N1881,N1883
N1882,N1884
N1883,N1884
N1884,N1885
N1884,N1886
N1885,N1887
N1886,N1887
N1887,N1888
N1887,N1889
N1888,N1890
N1889,N1890
N1890,N1891
N1890,N1892
N1891,N1893
N1892,N1893
N1893,N1894
N1893,N1895
N1894,N1896
N1895,N1896
N1896,N1897
N1896,N1898
N1897,N1899
N1898,N1899
N1899,N1900
N1899,N1901
N1900,N1902
N1901,N1902
N1902,N1903
N1902,N1904
N1903,N1905
N1904,N1905
N1905,N1906
N1905,N1907
N1906,N1908
N1907,N1908
N1908,N1909
N1908,N1910
N1909,N1911
N1910,N1911
N1911,N1912
N1911,N1913
N1912,N1914
N1913,N1914
N1914,N1915
N1914,N1916
N1915,N1917
N1916,N1917
N1917,N1918
N1917,N1919
N1918,N1920
N1919,N1920
N1920,N1921
N1920,N1922
N1921,N1923
N1922,N1923
N1923,N1924
N1923,N1925
N1924,N1926
N1925,N1926
N1926,N1927
N1926,N1928
N1927,N1929
N1928,N1929
N1929,N1930
N1929,N1931
N1930,N1932
N1931,N1932
N1932,N1933
N1932,N1934
N1933,N1935
N1934,N1935
N1935,N1936
N1935,N1937
N1936,N1938
N1937,N1938
N1938,N1939
N1938,N1940
N1939,N1941
N1940,N1941
N1941,N1942
N1941,N1943
N1942,N1944
N1943,N1944
N1944,N1945
N1944,N1946
N1945,N1947
N1946,N1947
N1947,N1948
N1947,N1949
N1948,N1950
N1949,N1950
N1950,N1951
N1950,N1952
N1951,N1953
N1952,N1953
N1953,N1954
N1953,N1955
N1954,N1956
N1955,N1956
N1956,N1957
N1956,N1958
N1957,N1959
N1958,N1959
N1959,N1960
N1959,N1961
N1960,N1962
N1961,N1962
N1962,N1963
N1962,N1964
N1963,N1965
N1964,N1965
N1965,N1966
N1965,N1967
N1966,N1968
N1967,N1968
N1968,N1969
N1968,N1970
N1969,N1971
N1970,N1971
N1971,N1972
N1971,N1973
N1972,N1974
N1973,N1974
N1974,N1975
N1974,N1976
N1975,N1977
N1976,N1977
N1977,N1978
N1977,N1979
N1978,N1980
N1979,N1980
N1980,N1981
N1980,N1982
N1981,N1983
N1982,N1983
N1983,N1984
N1983,N1985
N1984,N1986
N1985,N1986
N1986,N1987
N1986,N1988
N1987,N1989
N1988,N1989
N1989,N1990
N1989,N1991
N1990,N1992
N1991,N1992
N1992,N1993
N1992,N1994
N1993,N1995
N1994,N1995
N1995,N1996
N1995,N1997
N1996,N1998
N1997,N1998
N1998,N1999
N1998,N2000
N1999,N2001
N2000,N2001
N2001,N2002
N2001,N2003
N2002,N2004
N2003,N2004
N2004,N2005
N2004,N2006
N2005,N2007
N2006,N2007
N2007,N2008
N2007,N2009
N2008,N2010
N2009,N2010
N2010,N2011
N2010,N2012
N2011,N2013
N2012,N2013
N2013,N2014
N2013,N2015
N2014,N2016
N2015,N2016
N2016,N2017
N2016,N2018
N2017,N2019
N2018,N2019
N2019,N2020
N2019,N2021
N2020,N2022
N2021,N2022
N2022,N2023
N2022,N2024
N2023,N2025
N2024,N2025
N2025,N2026
N2025,N2027
N2026,N2028
N2027,N2028
N2028,N2029
N2028,N2030
N2029,N2031
N2030,N2031
N2031,N2032
N2031,N2033
N2032,N2034
N2033,N2034
N2034,N2035
N2034,N2036
N2035,N2037
N2036,N2037
N2037,N2038
N2037,N2039
N2038,N2040
N2039,N2040
N2040,N2041
N2040,N2042
N2041,N2043
N2042,N2043
N2043,N2044
N2043,N2045
N2044,N2046
N2045,N2046
N2046,N2047
N2046,N2048
N2047,N2049
N2048,N2049
N2049,N2050
N2049,N2051
N2050,N2052
N2051,N2052
N2052,N2053
N2052,N2054
N2053,N2055
N2054,N2055
N2055,N2056
N2055,N2057
N2056,N2058
N2057,N2058
N2058,N2059
N2058,N2060
N2059,N2061
N2060,N2061
N2061,N2062
N2061,N2063
N2062,N2064
N2063,N2064
N2064,N2065
N2064,N2066
N2065,N2067
N2066,N2067
N2067,N2068
N2067,N2069
N2068,N2070
N2069,N2070
N2070,N2071
N2070,N2072
N2071,N2073
N2072,N2073
N2073,N2074
N2073,N2075
N2074,N2076
N2075,N2076
N2076,N2077
N2076,N2078
N2077,N2079
N2078,N2079
N2079,N2080
N2079,N2081
N2080,N2082
N2081,N2082
N2082,N2083
N2082,N2084
N2083,N2085
N2084,N2085
N2085,N2086
N2085,N2087
N2086,N2088
N2087,N2088
N2088,N2089
N2088,N2090
N2089,N2091
N2090,N2091
N2091,N2092
N2091,N2093
N2092,N2094
N2093,N2094
N2094,N2095
N2094,N2096
N2095,N2097
N2096,N2097
N2097,N2098
N2097,N2099
N2098,N2100
N2099,N2100
N2100,N2101
N2100,N2102
N2101,N2103
N2102,N2103
N2103,N2104
N2103,N2105
N2104,N2106
N2105,N2106
N2106,N2107
N2106,N2108
N2107,N2109
N2108,N2109
N2109,N2110
N2109,N2111
N2110,N2112
N2111,N2112
N2112,N2113
N2112,N2114
N2113,N2115
N2114,N2115
N2115,N2116
N2115,N2117
N2116,N2118
N2117,N2118
N2118,N2119
N2118,N2120
N2119,N2121
N2120,N2121
N2121,N2122
N2121,N2123
N2122,N2124
N2123,N2124
N2124,N2125
N2124,N2126
N2125,N2127
N2126,N2127
N2127,N2128
N2127,N2129
N2128,N2130
N2129,N2130
N2130,N2131
N2130,N2132
N2131,N2133
N2132,N2133
N2133,N2134
N2133,N2135
N2134,N2136
N2135,N2136
N2136,N2137
N2136,N2138
N2137,N2139
N2138,N2139
N2139,N2140
N2139,N2141
N2140,N2142
N2141,N2142
N2142,N2143
N2142,N2144
N2143,N2145
N2144,N2145
N2145,N2146
N2145,N2147
N2146,N2148
N2147,N2148
N2148,N2149
N2148,N2150
N2149,N2151
N2150,N2151
N2151,N2152
N2151,N2153
N2152,N2154
N2153,N2154
N2154,N2155
N2154,N2156
N2155,N2157
N2156,N2157
N2157,N2158
N2157,N2159
N2158,N2160
N2159,N2160
N2160,N2161
N2160,N2162
N2161,N2163
N2162,N2163
N2163,N2164
N2163,N2165
N2164,N2166
N2165,N2166
N2166,N2167
N2166,N2168
N2167,N2169
N2168,N2169
N2169,N2170
N2169,N2171
N2170,N2172
N2171,N2172
N2172,N2173
N2172,N2174
N2173,N2175
N2174,N2175
N2175,N2176
N2175,N2177
N2176,N2178
N2177,N2178
N2178,N2179
N2178,N2180
N2179,N2181
N2180,N2181
N2181,N2182
N2181,N2183
N2182,N2184
N2183,N2184
N2184,N2185
N2184,N2186
N2185,N2187
N2186,N2187
N2187,N2188
N2187,N2189
N2188,N2190
N2189,N2190
N2190,N2191
N2190,N2192
N2191,N2193
N2192,N2193
N2193,N2194
N2193,N2195
N2194,N2196
N2195,N2196
N2196,N2197
N2196,N2198
N2197,N2199
N2198,N2199
N2199,N2200
N2199,N2201
N2200,N2202
N2201,N2202
N2202,N2203
N2202,N2204
N2203,N2205
N2204,N2205
N2205,N2206
N2205,N2207
N2206,N2208
N2207,N2208
N2208,N2209
N2208,N2210
N2209,N2211
N2210,N2211
N2211,N2212
N2211,N2213
N2212,N2214
N2213,N2214
N2214,N2215
N2214,N2216
N2215,N2217
N2216,N2217
N2217,N2218
N2217,N2219
N2218,N2220
N2219,N2220
N2220,N2221
N2220,N2222
N2221,N2223
N2222,N2223
N2223,N2224
N2223,N2225
N2224,N2226
N2225,N2226
N2226,N2227
N2226,N2228
N2227,N2229
N2228,N2229
N2229,N2230
N2229,N2231
N2230,N2232
N2231,N2232
N2232,N2233
N2232,N2234
N2233,N2235
N2234,N2235
N2235,N2236
N2235,N2237
N2236,N2238
N2237,N2238
N2238,N2239
N2238,N2240
N2239,N2241
N2240,N2241
N2241,N2242
N2241,N2243
N2242,N2244
N2243,N2244
N2244,N2245
N2244,N2246
N2245,N2247
N2246,N2247
N2247,N2248
N2247,N2249
N2248,N2250
N2249,N2250
N2250,N2251
N2250,N2252
N2251,N2253
N2252,N2253
N2253,N2254
N2253,N2255
N2254,N2256
N2255,N2256
N2256,N2257
N2256,N2258
N2257,N2259
N2258,N2259
N2259,N2260
N2259,N2261
N2260,N2262
N2261,N2262
N2262,N2263
N2262,N2264
N2263,N2265
N2264,N2265
N2265,N2266
N2265,N2267
N2266,N2268
N2267,N2268
N2268,N2269
N2268,N2270
N2269,N2271
N2270,N2271
N2271,N2272
N2271,N2273
N2272,N2274
N2273,N2274
N2274,N2275
N2274,N2276
N2275,N2277
N2276,N2277
N2277,N2278
N2277,N2279
N2278,N2280
N2279,N2280
N2280,N2281
N2280,N2282
N2281,N2283
N2282,N2283
N2283,N2284
N2283,N2285
N2284,N2286
N2285,N2286
N2286,N2287
N2286,N2288
N2287,N2289
N2288,N2289
N2289,N2290
N2289,N2291
N2290,N2292
N2291,N2292
N2292,N2293
N2292,N2294
N2293,N2295
N2294,N2295
N2295,N2296
N2295,N2297
N2296,N2298
N2297,N2298
N2298,N2299
N2298,N2300
N2299,N2301
N2300,N2301
N2301,N2302
N2301,N2303
N2302,N2304
N2303,N2304
N2304,N2305
N2304,N2306
N2305,N2307
N2306,N2307
N2307,N2308
N2307,N2309
N2308,N2310
N2309,N2310
N2310,N2311
N2310,N2312
N2311,N2313
N2312,N2313
N2313,N2314
N2313,N2315
N2314,N2316
N2315,N2316
N2316,N2317
N2316,N2318
N2317,N2319
N2318,N2319
N2319,N2320
N2319,N2321
N2320,N2322
N2321,N2322
N2322,N2323
N2322,N2324
N2323,N2325
N2324,N2325
N2325,N2326
N2325,N2327
N2326,N2328
N2327,N2328
N2328,N2329
N2328,N2330
N2329,N2331
N2330,N2331
N2331,N2332
N2331,N2333
N2332,N2334
N2333,N2334
N2334,N2335
N2334,N2336
N2335,N2337
N2336,N2337
N2337,N2338
N2337,N2339
N2338,N2340
N2339,N2340
N2340,N2341
N2340,N2342
N2341,N2343
N2342,N2343
N2343,N2344
N2343,N2345
N2344,N2346
N2345,N2346
N2346,N2347
N2346,N2348
N2347,N2349
N2348,N2349
N2349,N2350
N2349,N2351
N2350,N2352
N2351,N2352
N2352,N2353
N2352,N2354
N2353,N2355
N2354,N2355
N2355,N2356
N2355,N2357
N2356,N2358
N2357,N2358
N2358,N2359
N2358,N2360
N2359,N2361
N2360,N2361
N2361,N2362
N2361,N2363
N2362,N2364
N2363,N2364
N2364,N2365
N2364,N2366
N2365,N2367
N2366,N2367
N2367,N2368
N2367,N2369
N2368,N2370
N2369,N2370
N2370,N2371
N2370,N2372
N2371,N2373
N2372,N2373
N2373,N2374
N2373,N2375
N2374,N2376
N2375,N2376
N2376,N2377
N2376,N2378
N2377,N2379
N2378,N2379
N2379,N2380
N2379,N2381
N2380,N2382
N2381,N2382
N2382,N2383
N2382,N2384
N2383,N2385
N2384,N2385
N2385,N2386
N2385,N2387
N2386,N2388
N2387,N2388
N2388,N2389
N2388,N2390
N2389,N2391
N2390,N2391
N2391,N2392
N2391,N2393
N2392,N2394
N2393,N2394
N2394,N2395
N2394,N2396
N2395,N2397
N2396,N2397
N2397,N2398
N2397,N2399
N2398,N2400
N2399,N2400
N2400,N2401
N2400,N2402
N2401,N2403
N2402,N2403
N2403,N2404
N2403,N2405
N2404,N2406
N2405,N2406
N2406,N2407
N2406,N2408
N2407,N2409
N2408,N2409
N2409,N2410
N2409,N2411
N2410,N2412
N2411,N2412
N2412,N2413
N2412,N2414
N2413,N2415
N2414,N2415
N2415,N2416
N2415,N2417
N2416,N2418
N2417,N2418
N2418,N2419
N2418,N2420
N2419,N2421
N2420,N2421
N2421,N2422
N2421,N2423
N2422,N2424
N2423,N2424
N2424,N2425
N2424,N2426
N2425,N2427
N2426,N2427
N2427,N2428
N2427,N2429
N2428,N2430
N2429,N2430
N2430,N2431
N2430,N2432
N2431,N2433
N2432,N2433
N2433,N2434
N2433,N2435
N2434,N2436
N2435,N2436
N2436,N2437
N2436,N2438
N2437,N2439
N2438,N2439
N2439,N2440
N2439,N2441
N2440,N2442
N2441,N2442
N2442,N2443
N2442,N2444
N2443,N2445
N2444,N2445
N2445,N2446
N2445,N2447
N2446,N2448
N2447,N2448
N2448,N2449
N2448,N2450
N2449,N2451
N2450,N2451
N2451,N2452
N2451,N2453
N2452,N2454
N2453,N2454
N2454,N2455
N2454,N2456
N2455,N2457
N2456,N2457
N2457,N2458
N2457,N2459
N2458,N2460
N2459,N2460
N2460,N2461
N2460,N2462
N2461,N2463
N2462,N2463
N2463,N2464
N2463,N2465
N2464,N2466
N2465,N2466
N2466,N2467
N2466,N2468
N2467,N2469
N2468,N2469
N2469,N2470
N2469,N2471
N2470,N2472
N2471,N2472
N2472,N2473
N2472,N2474
N2473,N2475
N2474,N2475
N2475,N2476
N2475,N2477
N2476,N2478
N2477,N2478
N2478,N2479
N2478,N2480
N2479,N2481
N2480,N2481
N2481,N2482
N2481,N2483
N2482,N2484
N2483,N2484
N2484,N2485
N2484,N2486
N2485,N2487
N2486,N2487
N2487,N2488
N2487,N2489
N2488,N2490
N2489,N2490
N2490,N2491
N2490,N2492
N2491,N2493
N2492,N2493
N2493,N2494
N2493,N2495
N2494,N2496
N2495,N2496
N2496,N2497
N2496,N2498
N2497,N2499
N2498,N2499
N2499,N2500
N2499,N2501
N2500,N2502
N2501,N2502
N2502,N2503
N2502,N2504
N2503,N2505
N2504,N2505
N2505,N2506
N2505,N2507
N2506,N2508
N2507,N2508
N2508,N2509
N2508,N2510
N2509,N2511
N2510,N2511
N2511,N2512
N2511,N2513
N2512,N2514
N2513,N2514
N2514,N2515
N2514,N2516
N2515,N2517
N2516,N2517
N2517,N2518
N2517,N2519
N2518,N2520
N2519,N2520
N2520,N2521
N2520,N2522
N2521,N2523
N2522,N2523
N2523,N2524
N2523,N2525
N2524,N2526
N2525,N2526
N2526,N2527
N2526,N2528
N2527,N2529
N2528,N2529
N2529,N2530
N2529,N2531
N2530,N2532
N2531,N2532
N2532,N2533
N2532,N2534
N2533,N2535
N2534,N2535
N2535,N2536
N2535,N2537
N2536,N2538
N2537,N2538
N2538,N2539
N2538,N2540
N2539,N2541
N2540,N2541
N2541,N2542
N2541,N2543
N2542,N2544
N2543,N2544
N2544,N2545
N2544,N2546
N2545,N2547
N2546,N2547
N2547,N2548
N2547,N2549
N2548,N2550
N2549,N2550
N2550,N2551
N2550,N2552
N2551,N2553
N2552,N2553
N2553,N2554
N2553,N2555
N2554,N2556
N2555,N2556
N2556,N2557
N2556,N2558
N2557,N2559
N2558,N2559
N2559,N2560
N2559,N2561
N2560,N2562
N2561,N2562
N2562,N2563
N2562,N2564
N2563,N2565
N2564,N2565
N2565,N2566
N2565,N2567
N2566,N2568
N2567,N2568
N2568,N2569
N2568,N2570
N2569,N2571
N2570,N2571
N2571,N2572
N2571,N2573
N2572,N2574
N2573,N2574
N2574,N2575
N2574,N2576
N2575,N2577
N2576,N2577
N2577,N2578
N2577,N2579
N2578,N2580
N2579,N2580
N2580,N2581
N2580,N2582
N2581,N2583
N2582,N2583
N2583,N2584
N2583,N2585
N2584,N2586
N2585,N2586
N2586,N2587
N2586,N2588
N2587,N2589
N2588,N2589
N2589,N2590
N2589,N2591
N2590,N2592
N2591,N2592
N2592,N2593
N2592,N2594
N2593,N2595
N2594,N2595
N2595,N2596
N2595,N2597
N2596,N2598
N2597,N2598
N2598,N2599
N2598,N2600
N2599,N2601
N2600,N2601
N2601,N2602
N2601,N2603
N2602,N2604
N2603,N2604
N2604,N2605
N2604,N2606
N2605,N2607
N2606,N2607
N2607,N2608
N2607,N2609
N2608,N2610
N2609,N2610
N2610,N2611
N2610,N2612
N2611,N2613
N2612,N2613
N2613,N2614
N2613,N2615
N2614,N2616
N2615,N2616
N2616,N2617
N2616,N2618
N2617,N2619
N2618,N2619
N2619,N2620
N2619,N2621
N2620,N2622
N2621,N2622
N2622,N2623
N2622,N2624
N2623,N2625
N2624,N2625
N2625,N2626
N2625,N2627
N2626,N2628
N2627,N2628
N2628,N2629
N2628,N2630
N2629,N2631
N2630,N2631
N2631,N2632
N2631,N2633
N2632,N2634
N2633,N2634
N2634,N2635
N2634,N2636
N2635,N2637
N2636,N2637
N2637,N2638
N2637,N2639
N2638,N2640
N2639,N2640
N2640,N2641
N2640,N2642
N2641,N2643
N2642,N2643
N2643,N2644
N2643,N2645
N2644,N2646
N2645,N2646
N2646,N2647
N2646,N2648
N2647,N2649
N2648,N2649
N2649,N2650
N2649,N2651
N2650,N2652
N2651,N2652
N2652,N2653
N2652,N2654
N2653,N2655
N2654,N2655
N2655,N2656
N2655,N2657
N2656,N2658
N2657,N2658
N2658,N2659
N2658,N2660
N2659,N2661
N2660,N2661
N2661,N2662
N2661,N2663
N2662,N2664
N2663,N2664
N2664,N2665
N2664,N2666
N2665,N2667
N2666,N2667
N2667,N2668
N2667,N2669
N2668,N2670
N2669,N2670
N2670,N2671
N2670,N2672
N2671,N2673
N2672,N2673
N2673,N2674
N2673,N2675
N2674,N2676
N2675,N2676
N2676,N2677
N2676,N2678
N2677,N2679
N2678,N2679
N2679,N2680
N2679,N2681
N2680,N2682
N2681,N2682
N2682,N2683
N2682,N2684
N2683,N2685
N2684,N2685
N2685,N2686
N2685,N2687
N2686,N2688
N2687,N2688
N2688,N2689
N2688,N2690
N2689,N2691
N2690,N2691
N2691,N2692
N2691,N2693
N2692,N2694
N2693,N2694
N2694,N2695
N2694,N2696
N2695,N2697
N2696,N2697
N2697,N2698
N2697,N2699
N2698,N2700
N2699,N2700
N2700,N2701
N2700,N2702
N2701,N2703
N2702,N2703
N2703,N2704
N2703,N2705
N2704,N2706
N2705,N2706
N2706,N2707
N2706,N2708
N2707,N2709
N2708,N2709
N2709,N2710
N2709,N2711
N2710,N2712
N2711,N2712
N2712,N2713
N2712,N2714
N2713,N2715
N2714,N2715
N2715,N2716
N2715,N2717
N2716,N2718
N2717,N2718
N2718,N2719
N2718,N2720
N2719,N2721
N2720,N2721
N2721,N2722
N2721,N2723
N2722,N2724
N2723,N2724
N2724,N2725
N2724,N2726
N2725,N2727
N2726,N2727
N2727,N2728
N2727,N2729
N2728,N2730
N2729,N2730
N2730,N2731
N2730,N2732
N2731,N2733
N2732,N2733
N2733,N2734
N2733,N2735
N2734,N2736
N2735,N2736
N2736,N2737
N2736,N2738
N2737,N2739
N2738,N2739
N2739,N2740
N2739,N2741
N2740,N2742
N2741,N2742
N2742,N2743
N2742,N2744
N2743,N2745
N2744,N2745
N2745,N2746
N2745,N2747
N2746,N2748
N2747,N2748
N2748,N2749
N2748,N2750
N2749,N2751
N2750,N2751
N2751,N2752
N2751,N2753
N2752,N2754
N2753,N2754
N2754,N2755
N2754,N2756
N2755,N2757
N2756,N2757
N2757,N2758
N2757,N2759
N2758,N2760
N2759,N2760
N2760,N2761
N2760,N2762
N2761,N2763
N2762,N2763
N2763,N2764
N2763,N2765
N2764,N2766
N2765,N2766
N2766,N2767
N2766,N2768
N2767,N2769
N2768,N2769
N2769,N2770
N2769,N2771
N2770,N2772
N2771,N2772
N2772,N2773
N2772,N2774
N2773,N2775
N2774,N2775
N2775,N2776
N2775,N2777
N2776,N2778
N2777,N2778
N2778,N2779
N2778,N2780
N2779,N2781
N2780,N2781
N2781,N2782
N2781,N2783
N2782,N2784
N2783,N2784
N2784,N2785
N2784,N2786
N2785,N2787
N2786,N2787
N2787,N2788
N2787,N2789
N2788,N2790
N2789,N2790
N2790,N2791
N2790,N2792
N2791,N2793
N2792,N2793
N2793,N2794
N2793,N2795
N2794,N2796
N2795,N2796
N2796,N2797
N2796,N2798
N2797,N2799
N2798,N2799
N2799,N2800
N2799,N2801
N2800,N2802
N2801,N2802
N2802,N2803
N2802,N2804
N2803,N2805
N2804,N2805
N2805,N2806
N2805,N2807
N2806,N2808
N2807,N2808
N2808,N2809
N2808,N2810
N2809,N2811
N2810,N2811
N2811,N2812
N2811,N2813
N2812,N2814
N2813,N2814
N2814,N2815
N2814,N2816
N2815,N2817
N2816,N2817
N2817,N2818
N2817,N2819
N2818,N2820
N2819,N2820
N2820,N2821
N2820,N2822
N2821,N2823
N2822,N2823
N2823,N2824
N2823,N2825
N2824,N2826
N2825,N2826
N2826,N2827
N2826,N2828
N2827,N2829
N2828,N2829
N2829,N2830
N2829,N2831
N2830,N2832
N2831,N2832
N2832,N2833
N2832,N2834
N2833,N2835
N2834,N2835
N2835,N2836
N2835,N2837
N2836,N2838
N2837,N2838
N2838,N2839
N2838,N2840
N2839,N2841
N2840,N2841
N2841,N2842
N2841,N2843
N2842,N2844
N2843,N2844
N2844,N2845
N2844,N2846
N2845,N2847
N2846,N2847
N2847,N2848
N2847,N2849
N2848,N2850
N2849,N2850
N2850,N2851
N2850,N2852
N2851,N2853
N2852,N2853
N2853,N2854
N2853,N2855
N2854,N2856
N2855,N2856
N2856,N2857
N2856,N2858
N2857,N2859
N2858,N2859
N2859,N2860
N2859,N2861
N2860,N2862
N2861,N2862
N2862,N2863
N2862,N2864
N2863,N2865
N2864,N2865
N2865,N2866
N2865,N2867
N2866,N2868
N2867,N2868
N2868,N2869
N2868,N2870
N2869,N2871
N2870,N2871
N2871,N2872
N2871,N2873
N2872,N2874
N2873,N2874
N2874,N2875
N2874,N2876
N2875,N2877
N2876,N2877
N2877,N2878
N2877,N2879
N2878,N2880
N2879,N2880
N2880,N2881
N2880,N2882
N2881,N2883
N2882,N2883
N2883,N2884
N2883,N2885
N2884,N2886
N2885,N2886
N2886,N2887
N2886,N2888
N2887,N2889
N2888,N2889
N2889,N2890
N2889,N2891
N2890,N2892
N2891,N2892
N2892,N2893
N2892,N2894
N2893,N2895
N2894,N2895
N2895,N2896
N2895,N2897
N2896,N2898
N2897,N2898
N2898,N2899
N2898,N2900
N2899,N2901
N2900,N2901
N2901,N2902
N2901,N2903
N2902,N2904
N2903,N2904
N2904,N2905
N2904,N2906
N2905,N2907
N2906,N2907
N2907,N2908
N2907,N2909
N2908,N2910
N2909,N2910
N2910,N2911
N2910,N2912
N2911,N2913
N2912,N2913
N2913,N2914
N2913,N2915
N2914,N2916
N2915,N2916
N2916,N2917
N2916,N2918
N2917,N2919
N2918,N2919
N2919,N2920
N2919,N2921
N2920,N2922
N2921,N2922
N2922,N2923
N2922,N2924
N2923,N2925
N2924,N2925
N2925,N2926
N2925,N2927
N2926,N2928
N2927,N2928
N2928,N2929
N2928,N2930
N2929,N2931
N2930,N2931
N2931,N2932
N2931,N2933
N2932,N2934
N2933,N2934
N2934,N2935
N2934,N2936
N2935,N2937
N2936,N2937
N2937,N2938
N2937,N2939
N2938,N2940
N2939,N2940
N2940,N2941
N2940,N2942
N2941,N2943
N2942,N2943
N2943,N2944
N2943,N2945
N2944,N2946
N2945,N2946
N2946,N2947
N2946,N2948
N2947,N2949
N2948,N2949
N2949,N2950
N2949,N2951
N2950,N2952
N2951,N2952
N2952,N2953
N2952,N2954
N2953,N2955
N2954,N2955
N2955,N2956
N2955,N2957
N2956,N2958
N2957,N2958
N2958,N2959
N2958,N2960
N2959,N2961
N2960,N2961
N2961,N2962
N2961,N2963
N2962,N2964
N2963,N2964
N2964,N2965
N2964,N2966
N2965,N2967
N2966,N2967
N2967,N2968
N2967,N2969
N2968,N2970
N2969,N2970
N2970,N2971
N2970,N2972
N2971,N2973
N2972,N2973
N2973,N2974
N2973,N2975
N2974,N2976
N2975,N2976
N2976,N2977
N2976,N2978
N2977,N2979
N2978,N2979
N2979,N2980
N2979,N2981
N2980,N2982
N2981,N2982
N2982,N2983
N2982,N2984
N2983,N2985
N2984,N2985
N2985,N2986
N2985,N2987
N2986,N2988
N2987,N2988
N2988,N2989
N2988,N2990
N2989,N2991
N2990,N2991
N2991,N2992
N2991,N2993
N2992,N2994
N2993,N2994
N2994,N2995
N2994,N2996
N2995,N2997
N2996,N2997
N2997,N2998
N2997,N2999
N2998,N3000
N2999,N3000
