query_number,results,status,time
1,6,OK,3028
2,29,OK,939
3,163,OK,1250
4,89,OK,210
5,91,OK,93
6,90,OK,86
8,11,OK,243
9,6,OK,224
10,337,OK,1721
11,0,TIMEOUT,60000
12,6,OK,180
13,9,OK,142
14,6,OK,130
15,6,OK,116
16,6,OK,74
17,6,OK,150
18,6,OK,87
19,6,OK,64
20,6,OK,83
21,100000,OK,20886
22,7,OK,142
23,5,OK,63
24,18437,OK,2851
25,9,OK,229
26,17,OK,160
27,4,OK,114
28,8,OK,181
29,5,OK,94
30,1,OK,53
31,9,OK,178
32,3,OK,106
33,5,OK,135
34,21,OK,85
35,9,OK,73
36,9,OK,266
37,6,OK,147
38,100000,OK,8737
39,5,OK,80
40,9,OK,124
41,7,OK,36
42,5,OK,59
43,7,OK,52
44,7,OK,58
45,7,OK,43
46,7,OK,37
47,7,OK,70
48,11,OK,213
49,4,OK,93
50,4,OK,20
51,4,OK,50
52,4,OK,52
53,4,OK,54
54,4,OK,35
55,4,OK,99
56,4,OK,19
57,4,OK,56
58,769,OK,191
59,282,OK,46
60,288,OK,43
61,286,OK,43
62,100000,OK,46960
63,0,ERROR,10
64,3926,OK,3846
65,6,OK,115
66,6,OK,69
68,4,OK,104
69,4,OK,57
70,4,OK,115
71,2,OK,78
72,2,OK,104
73,201,OK,122
74,10,OK,162
75,6,OK,117
76,6,OK,114
77,6,OK,109
78,6,OK,54
79,5,OK,111
80,5,OK,83
81,0,ERROR,5
82,223,OK,685
83,5,OK,201
84,125,OK,580
85,11,OK,105
86,11,OK,99
87,5,OK,91
88,5,OK,31
89,11,OK,49
90,10,OK,43
91,1,OK,40
92,6,OK,126
94,100000,OK,19461
95,100000,OK,24832
96,8,OK,80
97,0,ERROR,5
98,0,ERROR,4
99,4,OK,173
100,213,OK,465
102,2,OK,77
103,5,OK,117
104,0,ERROR,5
105,0,ERROR,4
106,223,OK,75
107,8,OK,127
108,630,OK,1281
109,5,OK,81
110,3,OK,105
111,6,OK,138
112,5,OK,67
113,5,OK,79
116,0,TIMEOUT,60000
117,0,TIMEOUT,60000
118,0,TIMEOUT,60000
119,0,TIMEOUT,60000
120,0,TIMEOUT,60000
121,0,TIMEOUT,60000
122,0,TIMEOUT,60000
123,0,TIMEOUT,60000
124,0,TIMEOUT,60000
125,0,TIMEOUT,60000
126,0,TIMEOUT,60000
127,0,TIMEOUT,60000
128,277,OK,8228
129,100000,OK,13735
133,0,TIMEOUT,60000
134,0,TIMEOUT,60000
135,0,TIMEOUT,60000
136,0,TIMEOUT,60000
137,0,TIMEOUT,60000
138,0,TIMEOUT,60000
139,0,TIMEOUT,60000
140,0,TIMEOUT,60000
141,0,TIMEOUT,60000
142,0,TIMEOUT,60000
143,0,TIMEOUT,60000
144,0,TIMEOUT,60000
145,23456,OK,33287
146,0,TIMEOUT,60000
147,2873,OK,38285
148,0,TIMEOUT,60000
149,0,TIMEOUT,60000
150,0,TIMEOUT,60000
151,0,TIMEOUT,60000
152,0,TIMEOUT,60000
153,100000,OK,21894
154,0,TIMEOUT,60000
155,0,TIMEOUT,60000
158,577,OK,13379
159,269,OK,6487
160,0,TIMEOUT,60000
161,0,TIMEOUT,60000
162,0,TIMEOUT,60000
163,12160,OK,37795
164,20,OK,339
165,10,OK,25
166,2024,OK,36881
167,3,OK,25
168,0,TIMEOUT,60000
169,0,TIMEOUT,60000
170,0,TIMEOUT,60000
171,36396,OK,45408
172,48,OK,1127
173,2102,OK,11974
174,4359,OK,25371
175,6,OK,88
176,20,OK,247
177,1,OK,39
178,5479,OK,15645
179,0,TIMEOUT,60000
180,7,OK,31
181,14552,OK,47407
182,100000,OK,55332
183,0,TIMEOUT,60000
184,0,TIMEOUT,60000
185,0,TIMEOUT,60000
186,0,TIMEOUT,60000
187,25,OK,310
188,100000,OK,11812
189,0,TIMEOUT,60000
190,530,OK,3848
191,0,TIMEOUT,60000
192,10509,OK,34079
193,0,TIMEOUT,60000
194,0,TIMEOUT,60000
200,0,TIMEOUT,60000
201,0,TIMEOUT,60000
202,0,TIMEOUT,60000
203,0,TIMEOUT,60000
204,754,OK,5027
205,0,TIMEOUT,60000
206,0,TIMEOUT,60000
207,100000,OK,21880
208,0,TIMEOUT,60000
209,14836,OK,17723
210,3772,OK,4716
211,0,TIMEOUT,60000
212,0,TIMEOUT,60000
213,0,TIMEOUT,60000
214,0,TIMEOUT,60000
215,0,TIMEOUT,60000
217,0,TIMEOUT,60000
218,0,TIMEOUT,60000
219,0,TIMEOUT,60000
220,0,TIMEOUT,60000
221,0,TIMEOUT,60000
222,0,OK,30
223,0,TIMEOUT,60000
224,0,TIMEOUT,60000
225,0,TIMEOUT,60000
226,0,TIMEOUT,60000
227,0,TIMEOUT,60000
228,0,TIMEOUT,60000
229,0,TIMEOUT,60000
230,11046,OK,53768
231,100000,OK,44945
232,100000,OK,13624
233,0,TIMEOUT,60000
234,0,TIMEOUT,60000
235,11028,OK,28671
236,1584,OK,6927
237,2145,OK,8543
238,903,OK,3559
239,1175,OK,5113
240,25018,OK,21773
241,0,TIMEOUT,60000
242,0,TIMEOUT,60000
243,0,TIMEOUT,60000
244,9075,OK,7241
245,2697,OK,12203
246,0,TIMEOUT,60000
247,0,TIMEOUT,60000
248,0,TIMEOUT,60000
249,100000,OK,18965
250,0,TIMEOUT,60000
251,7202,OK,19511
252,267,OK,1463
253,0,TIMEOUT,60000
254,0,TIMEOUT,60000
255,18018,OK,37523
256,0,TIMEOUT,60000
257,100000,OK,47227
258,328,OK,582
259,100000,OK,58048
260,60664,OK,51865
261,855,OK,3242
262,791,OK,3059
263,7310,OK,21493
264,18662,OK,45931
265,0,TIMEOUT,60000
266,0,TIMEOUT,60000
267,2016,OK,7034
268,42,OK,188
269,1993,OK,6774
270,415,OK,732
271,863,OK,2858
272,570,OK,73
273,14819,OK,1306
274,7657,OK,17289
275,0,TIMEOUT,60000
276,100000,OK,50958
277,7112,OK,7624
278,11245,OK,34758
279,3667,OK,11466
280,1521,OK,4815
281,9811,OK,29850
282,18192,OK,39092
283,5018,OK,12085
284,137,OK,100
285,9415,OK,22277
286,21566,OK,49538
287,2356,OK,10587
288,33658,OK,3034
289,3359,OK,3942
290,100000,OK,25454
291,60369,OK,45561
292,15007,OK,1500
293,23016,OK,14429
294,9074,OK,784
295,31705,OK,13154
296,100000,OK,9096
297,1784,OK,5827
298,12159,OK,1058
299,10321,OK,24833
300,91716,OK,37642
301,13423,OK,5203
302,100000,OK,55166
303,1592,OK,172
304,0,TIMEOUT,60000
305,33657,OK,3053
306,77815,OK,30582
307,0,TIMEOUT,60000
308,0,TIMEOUT,60000
309,44109,OK,33007
310,91716,OK,8647
311,100000,OK,9588
312,60663,OK,5854
313,0,TIMEOUT,60000
314,0,TIMEOUT,60000
315,0,TIMEOUT,60000
316,2691,OK,7995
317,0,TIMEOUT,60000
318,0,TIMEOUT,60000
319,0,TIMEOUT,60000
320,1,OK,43
321,0,TIMEOUT,60000
322,0,TIMEOUT,60000
323,130,OK,220
324,970,OK,1473
325,0,TIMEOUT,60000
326,107,OK,541
327,316,OK,1291
328,1051,OK,2519
329,383,OK,1080
330,116,OK,718
331,1028,OK,3675
332,206,OK,691
333,96,OK,479
334,100000,OK,36500
335,1142,OK,2780
336,409,OK,1184
337,268,OK,414
338,100000,OK,48165
339,100000,OK,55195
340,235,OK,546
341,100000,OK,14074
342,0,TIMEOUT,60000
343,13740,OK,21533
344,6025,OK,5988
345,100000,OK,20114
346,100000,OK,8662
347,0,TIMEOUT,60000
348,75,OK,45
349,0,TIMEOUT,60000
350,0,TIMEOUT,60000
351,0,TIMEOUT,60000
352,100000,OK,13113
353,100000,OK,50841
354,0,TIMEOUT,60000
355,0,TIMEOUT,60000
356,100000,OK,41703
357,100000,OK,23357
358,0,TIMEOUT,60000
359,215,OK,637
360,10336,OK,8480
361,17081,OK,39951
362,1742,OK,2296
363,35,OK,1412
364,0,TIMEOUT,60000
365,53,OK,149
366,100000,OK,11905
367,699,OK,111
368,9883,OK,16944
369,0,TIMEOUT,60000
370,55723,OK,27006
371,100000,OK,45469
372,269,OK,36
373,100000,OK,25877
374,894,OK,1987
375,281,OK,347
376,1443,OK,2704
377,13,OK,73
378,59,OK,30
379,322,OK,915
380,0,TIMEOUT,60000
381,537,OK,1879
382,1054,OK,4612
383,59,OK,128
384,623,OK,1687
385,1412,OK,3559
386,575,OK,6987
387,52957,OK,53086
388,100000,OK,31298
389,10181,OK,10592
390,458,OK,74
391,7843,OK,6277
392,100000,OK,51597
393,145,OK,281
394,100000,OK,23872
395,100000,OK,8976
396,195,OK,373
397,11904,OK,10298
398,7959,OK,7971
399,100000,OK,49509
400,36609,OK,12300
401,641,OK,2324
402,27,OK,15
403,30222,OK,2664
404,9442,OK,13690
405,100000,OK,23883
406,100000,OK,12319
407,813,OK,2143
408,0,TIMEOUT,60000
409,69941,OK,9694
410,58904,OK,35072
411,100000,OK,8836
412,4097,OK,359
413,100000,OK,8850
414,746,OK,1045
415,100000,OK,8957
416,0,TIMEOUT,60000
417,13456,OK,1130
418,883,OK,103
419,0,TIMEOUT,60000
420,100000,OK,12165
421,100000,OK,29747
422,100000,OK,30238
423,26821,OK,36889
424,100000,OK,58101
425,38729,OK,27740
426,24605,OK,9357
427,0,TIMEOUT,60000
428,0,TIMEOUT,60000
429,227,OK,1073
430,6997,OK,2256
431,0,OK,38
432,100000,OK,32607
433,121,OK,235
434,11011,OK,5502
435,40632,OK,36597
436,0,TIMEOUT,60000
437,14188,OK,25349
438,15692,OK,6762
439,0,TIMEOUT,60000
440,0,TIMEOUT,60000
441,9313,OK,17862
442,33,OK,107
443,0,TIMEOUT,60000
444,224,OK,107
445,100000,OK,17781
446,0,OK,26
447,100000,OK,12727
448,0,TIMEOUT,60000
449,100000,OK,46771
450,100000,OK,12957
451,100000,OK,15068
452,100000,OK,12341
453,0,TIMEOUT,60000
454,100000,OK,26764
455,644,OK,103
456,6849,OK,1024
457,55831,OK,15652
458,100000,OK,24519
459,100000,OK,10517
460,64726,OK,31968
461,100000,OK,30034
462,100000,OK,27530
463,0,TIMEOUT,60000
464,100000,OK,25713
465,287,OK,720
466,6300,OK,1124
467,49766,OK,20510
468,84356,OK,15503
469,26170,OK,2586
470,100000,OK,14580
471,19764,OK,4235
472,100000,OK,10620
473,0,TIMEOUT,60000
474,4,OK,38
475,100000,OK,13750
476,3881,OK,2257
477,100000,OK,23792
478,7099,OK,4182
479,100000,OK,13114
480,100000,OK,24977
481,0,OK,26
482,15786,OK,3171
483,100000,OK,21128
484,34,OK,31
485,16561,OK,4039
486,100000,OK,12683
487,100000,OK,27378
488,100000,OK,17737
489,50025,OK,14203
490,100000,OK,29159
491,100000,OK,17641
492,23200,OK,5550
493,15749,OK,12807
494,0,OK,27
495,8891,OK,1651
496,10850,OK,4518
497,503,OK,104
498,6719,OK,6257
499,1298,OK,401
500,0,TIMEOUT,60000
501,9807,OK,1542
502,100000,OK,34520
503,100000,OK,15609
504,69569,OK,32826
505,9941,OK,3098
506,4619,OK,2726
507,32333,OK,52375
508,100000,OK,30848
509,50,OK,115
510,0,TIMEOUT,60000
511,0,OK,26
512,30642,OK,6460
513,100000,OK,31187
514,100000,OK,10786
515,100000,OK,14915
516,100000,OK,20305
517,100000,OK,10179
518,29521,OK,5133
519,100000,OK,9406
520,100000,OK,19146
521,100000,OK,22463
522,100000,OK,26002
523,100000,OK,10561
524,45251,OK,12168
525,9,OK,31
526,13119,OK,1285
527,46,OK,166
528,6760,OK,638
529,24,OK,34
530,0,OK,35
531,3394,OK,424
532,0,TIMEOUT,60000
533,456,OK,99
534,419,OK,68
535,100000,OK,24418
536,62635,OK,8382
537,100000,OK,29571
538,100000,OK,21238
539,18635,OK,6281
540,100000,OK,53202
541,100000,OK,9546
542,8160,OK,6466
543,390,OK,85
544,1980,OK,261
545,0,TIMEOUT,60000
546,38556,OK,3584
547,100000,OK,17347
548,17512,OK,1809
549,48550,OK,4836
550,100000,OK,13562
551,100000,OK,14401
552,100000,OK,24099
553,100000,OK,14303
554,100000,OK,10755
555,40271,OK,3939
556,100000,OK,9843
557,100000,OK,9646
558,100000,OK,12754
559,126,OK,42
560,35640,OK,3791
561,100000,OK,9743
562,100000,OK,12419
563,80192,OK,18835
564,7336,OK,3688
565,100000,OK,15093
566,89428,OK,16967
567,223,OK,56
568,66365,OK,6356
569,100000,OK,9997
570,100000,OK,12460
571,797,OK,98
572,11258,OK,2694
573,100000,OK,25862
574,100000,OK,13485
575,100000,OK,11449
576,0,OK,25
577,5096,OK,910
578,60812,OK,7979
579,100000,OK,12154
580,100000,OK,12411
581,100000,OK,30347
582,100000,OK,9464
583,51060,OK,7127
584,100000,OK,13511
585,100000,OK,10639
586,100000,OK,27085
587,28299,OK,4524
588,100000,OK,9425
589,100000,OK,21627
590,100000,OK,9661
591,100000,OK,9606
592,100000,OK,28345
593,68115,OK,9729
594,111,OK,43
595,14042,OK,3294
596,15042,OK,4402
597,100000,OK,34406
598,100000,OK,15352
599,1612,OK,163
600,0,OK,28
601,100000,OK,12247
602,100000,OK,9321
603,100000,OK,13315
604,28905,OK,2932
605,100000,OK,9302
606,100000,OK,12267
607,3876,OK,372
608,100000,OK,9134
609,0,TIMEOUT,60000
610,83089,OK,8312
611,4536,OK,402
612,100000,OK,20426
613,0,TIMEOUT,60000
614,1778,OK,307
615,0,OK,11
616,7641,OK,658
617,100000,OK,12312
618,19802,OK,2013
619,50224,OK,9739
620,4890,OK,432
621,100000,OK,13169
622,100000,OK,44207
623,100000,OK,14321
628,78,OK,58
629,31,OK,58
630,100000,OK,13576
631,436,OK,83
632,16,OK,37
633,100000,OK,12921
634,5262,OK,472
635,100000,OK,13529
636,14775,OK,2489
637,8,OK,48
638,5355,OK,7750
639,140,OK,44
640,100000,OK,9317
641,20015,OK,1668
642,100000,OK,8579
643,100000,OK,8326
644,100000,OK,8324
645,0,TIMEOUT,60000
646,0,TIMEOUT,60000
647,0,TIMEOUT,60000
648,0,TIMEOUT,60000
649,47609,OK,32008
650,100000,OK,14124
651,216,OK,338
652,0,TIMEOUT,60000
653,100000,OK,20410
654,100000,OK,47423
655,100000,OK,13642
656,2,OK,22
657,2,OK,10
658,2,OK,21
659,2,OK,11
660,100000,OK,15251